id,total_ms,cpu_encode_ms,gpu_ms,depth_key_ms,sort_ms,draw_ms,estimated_memory_bytes,estimated_bandwidth_gbps,visible_splats,total_splats,sort_mode
1,19.581079483032227,19.581079483032227,17.090916633605957,0.12493133544921875,0.09298324584960938,0.4649162292480469,850100352,49.73989226115838,250000,5998962,gpu
2,21.2630033493042,21.2630033493042,20.624083233997226,0.01800060272216797,0.03409385681152344,0.026941299438476562,850100352,41.218818909665494,250000,5998962,gpu
3,9.222984313964844,9.222984313964844,8.634999860078096,0.015974044799804688,0.030994415283203125,0.029921531677246094,850100352,98.44821838738416,250000,5998962,gpu
4,9.925007820129395,9.925007820129395,8.935875026509166,0.015020370483398438,0.030994415283203125,0.02002716064453125,850100352,95.13342000398309,250000,5998962,gpu
5,9.218931198120117,9.218931198120117,8.704249979928136,0.012040138244628906,0.028967857360839844,0.015020370483398438,850100352,97.66497446193735,250000,5998962,gpu
6,9.50002670288086,9.50002670288086,8.936249883845448,0.013947486877441406,0.030040740966796875,0.019073486328125,850100352,95.1294293523252,250000,5998962,gpu
7,9.402036666870117,9.402036666870117,8.582999929785728,0.01704692840576172,0.030994415283203125,0.01895427703857422,850100352,99.04466491370721,250000,5998962,gpu