id,total_ms,cpu_encode_ms,gpu_ms,depth_key_ms,sort_ms,draw_ms,estimated_memory_bytes,estimated_bandwidth_gbps,visible_splats,total_splats,sort_mode
1,78.89604568481445,78.89604568481445,20.12374997138977,0.0,56.4349889755249,1.2249946594238281,228000000,11.329896282956751,500000,5998962,unsorted
2,115.913987159729,115.913987159729,13.453624909743667,0.0,56.9610595703125,0.030994415283203125,228000000,16.947105447757284,500000,5998962,unsorted
3,69.66090202331543,69.66090202331543,12.159875128418207,0.0,56.63597583770752,0.02205371856689453,228000000,18.750192546562683,500000,5998962,unsorted
4,13.49496841430664,13.49496841430664,13.1139166187495,0.0,0.00095367431640625,0.02110004425048828,228000000,17.386110239104244,500000,5998962,unsorted
5,12.707948684692383,12.707948684692383,12.317375047132373,0.0,0.0,0.06902217864990234,228000000,18.51043742092444,500000,5998962,unsorted
6,14.813899993896484,14.813899993896484,14.49137507006526,0.0,0.0,0.026106834411621094,228000000,15.733496572797852,500000,5998962,unsorted
7,14.814019203186035,14.814019203186035,14.483208302408457,0.0,0.0010728836059570312,0.016927719116210938,228000000,15.742368350946466,500000,5998962,unsorted
8,12.643933296203613,12.643933296203613,11.905125109478831,0.0,0.0,0.0209808349609375,228000000,19.15141570570031,500000,5998962,unsorted