id,total_ms,cpu_encode_ms,gpu_ms,depth_key_ms,sort_ms,draw_ms,estimated_memory_bytes,estimated_bandwidth_gbps,visible_splats,total_splats,sort_mode
1,21.103978157043457,21.103978157043457,18.628333462402225,0.051975250244140625,0.16999244689941406,1.4429092407226562,850100352,45.6348043004366,250000,5998962,gpu
2,25.293946266174316,25.293946266174316,24.397333385422826,0.013947486877441406,0.11801719665527344,0.0209808349609375,850100352,34.84398637221258,250000,5998962,gpu
3,9.73200798034668,9.73200798034668,8.623333182185888,0.01704692840576172,0.14698505401611328,0.03790855407714844,850100352,98.58141092775358,250000,5998962,gpu
4,9.508013725280762,9.507060050964355,8.974374970421195,0.009059906005859375,0.11301040649414062,0.015974044799804688,850100352,94.72529895417354,250000,5998962,gpu
5,10.355949401855469,10.355949401855469,9.246166795492172,0.0059604644775390625,0.12803077697753906,0.010967254638671875,850100352,91.94084108610863,250000,5998962,gpu
6,9.60397720336914,9.60397720336914,8.923291694372892,0.007987022399902344,0.1310110092163086,0.012993812561035156,850100352,95.26757402047956,250000,5998962,gpu
7,9.498000144958496,9.498000144958496,8.828291669487953,0.012993812561035156,0.14400482177734375,0.01800060272216797,850100352,96.29273520018471,250000,5998962,gpu