id,total_ms,cpu_encode_ms,gpu_ms,depth_key_ms,sort_ms,draw_ms,estimated_memory_bytes,estimated_bandwidth_gbps,visible_splats,total_splats,sort_mode
1,93.03498268127441,93.03498268127441,28.201250126585364,0.0,59.75198745727539,3.5889148712158203,228000000,8.084747980199078,500000,5998962,unsorted
2,102.71000862121582,102.71000862121582,12.89687491953373,0.0,57.26194381713867,0.029087066650390625,228000000,17.67870134606555,500000,5998962,unsorted
3,70.73497772216797,70.73497772216797,12.541249860078096,0.0,57.5869083404541,0.030994415283203125,228000000,18.180006183098264,500000,5998962,unsorted
4,13.660907745361328,13.660907745361328,13.086166698485613,0.0,0.00095367431640625,0.052928924560546875,228000000,17.422978420898854,500000,5998962,unsorted
5,13.49496841430664,13.49496841430664,12.814416782930493,0.0,0.00095367431640625,0.04208087921142578,228000000,17.792460153450644,500000,5998962,unsorted
6,14.451026916503906,14.451026916503906,13.979916693642735,0.0,0.0,0.029921531677246094,228000000,16.309110060983507,500000,5998962,unsorted
7,13.493061065673828,13.493061065673828,12.993333395570517,0.0,0.0010728836059570312,0.034928321838378906,228000000,17.547460151967332,500000,5998962,unsorted
8,13.183951377868652,13.183951377868652,12.624541763216257,0.0,0.0,0.02491474151611328,228000000,18.060061448275032,500000,5998962,unsorted