id,total_ms,cpu_encode_ms,gpu_ms,depth_key_ms,sort_ms,draw_ms,estimated_memory_bytes,estimated_bandwidth_gbps,visible_splats,total_splats,sort_mode
1,112.17308044433594,112.17308044433594,23.221875075250864,0.0,58.06899070739746,0.5810260772705078,228000000,9.818328591518224,500000,5998962,unsorted
2,71.71499729156494,71.71499729156494,12.44520815089345,0.0,0.0,0.02205371856689453,228000000,18.320304267762022,500000,5998962,unsorted
3,13.106942176818848,13.106942176818848,12.7252081874758,0.0,0.00095367431640625,0.03898143768310547,228000000,17.917192130844548,500000,5998962,unsorted
4,13.235926628112793,13.235926628112793,12.606249889358878,0.0,0.00095367431640625,0.03504753112792969,228000000,18.08626689150896,500000,5998962,unsorted
5,13.64600658416748,13.64600658416748,13.224124908447266,0.0,0.00095367431640625,0.03600120544433594,228000000,17.24121645692857,500000,5998962,unsorted
6,14.112114906311035,14.112114906311035,13.65845836699009,0.0,0.00095367431640625,0.025033950805664062,228000000,16.69295273843151,500000,5998962,unsorted
7,13.06605339050293,13.06605339050293,12.387500144541264,0.0,0.0,0.025033950805664062,228000000,18.405650642956527,500000,5998962,unsorted
8,11.983036994934082,11.983036994934082,11.488625081256032,0.0,0.0010728836059570312,0.015020370483398438,228000000,19.845716818802583,500000,5998962,unsorted