id,total_ms,cpu_encode_ms,gpu_ms,depth_key_ms,sort_ms,draw_ms,estimated_memory_bytes,estimated_bandwidth_gbps,visible_splats,total_splats,sort_mode
1,40.27700424194336,40.27700424194336,19.106958294287324,0.40793418884277344,0.20003318786621094,3.018021583557129,850100352,44.491663136888015,250000,5998962,gpu
2,23.861050605773926,23.85997772216797,22.914916509762406,0.026941299438476562,0.12505054473876953,0.028967857360839844,850100352,37.09812128871746,250000,5998962,gpu
3,10.361075401306152,10.361075401306152,9.682124946266413,0.015020370483398438,0.1100301742553711,0.02205371856689453,850100352,87.80101028626083,250000,5998962,gpu
4,9.552001953125,9.552001953125,8.745500119403005,0.033974647521972656,0.1220703125,0.026941299438476562,850100352,97.20431540718228,250000,5998962,gpu
5,9.304046630859375,9.304046630859375,8.883916772902012,0.013113021850585938,0.11897087097167969,0.01704692840576172,850100352,95.6898149466012,250000,5998962,gpu
6,9.514093399047852,9.514093399047852,9.10429167561233,0.012040138244628906,0.11396408081054688,0.015020370483398438,850100352,93.37358492996925,250000,5998962,gpu
7,8.98599624633789,8.98599624633789,8.55995831079781,0.008940696716308594,0.11205673217773438,0.012993812561035156,850100352,99.31127245417255,250000,5998962,gpu