id,total_ms,cpu_encode_ms,gpu_ms,depth_key_ms,sort_ms,draw_ms,estimated_memory_bytes,estimated_bandwidth_gbps,visible_splats,total_splats,sort_mode
1,115.46099185943604,115.46099185943604,24.14537500590086,0.0,57.62600898742676,0.5919933319091797,228000000,9.442802190658846,500000,5998962,unsorted
2,106.52291774749756,106.52291774749756,13.141124974936247,0.0,56.44106864929199,0.03898143768310547,228000000,17.35011275175139,500000,5998962,unsorted
3,74.2030143737793,74.20194149017334,12.115791672840714,0.0,56.57196044921875,0.034928321838378906,228000000,18.818415350529236,500000,5998962,unsorted
4,12.506961822509766,12.506961822509766,12.146749999374151,0.0,0.00095367431640625,0.01800060272216797,228000000,18.77045300279889,500000,5998962,unsorted
5,11.7570161819458,11.7570161819458,11.430333368480206,0.0,0.0,0.015020370483398438,228000000,19.94692478775142,500000,5998962,unsorted
6,12.91501522064209,12.91501522064209,12.343708192929626,0.0,0.0010728836059570312,0.013947486877441406,228000000,18.470948635240465,500000,5998962,unsorted
7,12.546062469482422,12.546062469482422,12.261375086382031,0.0,0.0,0.014066696166992188,228000000,18.59497800154779,500000,5998962,unsorted
8,11.799097061157227,11.799097061157227,11.301083490252495,0.0,0.0,0.01895427703857422,228000000,20.175056683428316,500000,5998962,unsorted