id,total_ms,cpu_encode_ms,gpu_ms,depth_key_ms,sort_ms,draw_ms,estimated_memory_bytes,estimated_bandwidth_gbps,visible_splats,total_splats,sort_mode
1,71.99907302856445,71.99907302856445,18.34412501193583,0.32699108123779297,0.164031982421875,2.6220083236694336,850100352,46.3418315916879,250000,5998962,gpu
2,27.434945106506348,27.434945106506348,26.661958312615752,0.025987625122070312,0.11599063873291016,0.03898143768310547,850100352,31.884392812877305,250000,5998962,gpu
3,9.10806655883789,9.10806655883789,8.421999868005514,0.0209808349609375,0.12600421905517578,0.07700920104980469,850100352,100.93806285006741,250000,5998962,gpu
4,9.619951248168945,9.619951248168945,8.97412491030991,0.013113021850585938,0.11992454528808594,0.0209808349609375,850100352,94.72793843368098,250000,5998962,gpu
5,13.11194896697998,13.11194896697998,10.848250007256866,0.016927719116210938,1.3970136642456055,0.11599063873291016,850100352,78.36290198247008,250000,5998962,gpu
6,9.744048118591309,9.744048118591309,9.025875013321638,0.012993812561035156,0.16200542449951172,0.02396106719970703,850100352,94.18481318933665,250000,5998962,gpu
7,9.498000144958496,9.498000144958496,8.935791673138738,0.012040138244628906,0.12099742889404297,0.01895427703857422,850100352,95.13430741177947,250000,5998962,gpu