id,total_ms,cpu_encode_ms,gpu_ms,depth_key_ms,sort_ms,draw_ms,estimated_memory_bytes,estimated_bandwidth_gbps,visible_splats,total_splats,sort_mode
1,88.1950855255127,88.1950855255127,22.079083370044827,0.0,57.23392963409424,0.453948974609375,228000000,10.32651565188311,500000,5998962,unsorted
2,115.24403095245361,115.24403095245361,13.128374936059117,0.0,57.62505531311035,0.033974647521972656,228000000,17.366962865583815,500000,5998962,unsorted
3,76.66003704071045,76.65908336639404,12.796124909073114,0.0,59.816956520080566,0.03802776336669922,228000000,17.817894215641502,500000,5998962,unsorted
4,12.974023818969727,12.974023818969727,12.276124907657504,0.0,0.00095367431640625,0.09894371032714844,228000000,18.572636048838177,500000,5998962,unsorted
5,13.946056365966797,13.946056365966797,13.011666713282466,0.0,0.0010728836059570312,0.0209808349609375,228000000,17.522735943371103,500000,5998962,unsorted
6,14.693021774291992,14.693021774291992,13.959750067442656,0.0,0.0,0.030994415283203125,228000000,16.332670635110322,500000,5998962,unsorted
7,12.985944747924805,12.984991073608398,12.215541675686836,0.0,0.0,0.026941299438476562,228000000,18.664747422031972,500000,5998962,unsorted
8,12.5579833984375,12.5579833984375,11.877750046551228,0.0,0.0010728836059570312,0.033974647521972656,228000000,19.195554638414123,500000,5998962,unsorted