id,total_ms,cpu_encode_ms,gpu_ms,depth_key_ms,sort_ms,draw_ms,estimated_memory_bytes,estimated_bandwidth_gbps,visible_splats,total_splats,sort_mode
1,22.00305461883545,22.00305461883545,18.257500138133764,0.13899803161621094,0.18095970153808594,0.6139278411865234,850100352,46.56170590542278,250000,5998962,gpu
2,20.895004272460938,20.895004272460938,20.308249862864614,0.01704692840576172,0.12099742889404297,0.029921531677246094,850100352,41.85985290413832,250000,5998962,gpu
3,9.54592227935791,9.54592227935791,8.86900001205504,0.019073486328125,0.12803077697753906,0.03802776336669922,850100352,95.8507555355187,250000,5998962,gpu
4,9.46199893951416,9.46199893951416,8.84562497958541,0.02193450927734375,0.11897087097167969,0.0209808349609375,850100352,96.1040462332424,250000,5998962,gpu
5,11.198997497558594,11.198997497558594,10.323999915271997,0.012993812561035156,0.11992454528808594,0.01704692840576172,850100352,82.3421502302098,250000,5998962,gpu
6,9.788990020751953,9.788990020751953,9.192666737362742,0.012993812561035156,0.1220703125,0.015974044799804688,850100352,92.47592415646332,250000,5998962,gpu
7,9.359002113342285,9.359002113342285,8.735124953091145,0.015974044799804688,0.1150369644165039,0.01800060272216797,850100352,97.31977007371492,250000,5998962,gpu